sensor_id;sensor_type;location;lat;lon;timestamp;P1;durP1;ratioP1;P2;durP2;ratioP2
3491;http://www.opengis.net/def/sensors/types/examples/SDS011;1760;52.480;13.422;2019-07-11T00:02:18;10.07;;;9.07;;
3491;http://www.opengis.net/def/sensors/types/examples/SDS011;1760;52.480;13.422;2019-07-11T00:04:47;11.37;;;9.23;;
3491;http://www.opengis.net/def/sensors/types/examples/SDS011;1760;52.480;13.422;2019-07-11T00:07:16;9.40;;;7.80;;
3491;http://www.opengis.net/def/sensors/types/examples/SDS011;1760;52.480;13.422;2019-07-11T00:09:44;10.03;;;8.97;;
3491;http://www.opengis.net/def/sensors/types/examples/SDS011;1760;52.480;13.422;2019-07-11T00:12:12;9.97;;;8.97;;
3491;http://www.opengis.net/def/sensors/types/examples/SDS011;1760;52.480;13.422;2019-07-11T00:14:41;10.23;;;9.23;;
3491;http://www.opengis.net/def/sensors/types/examples/SDS011;1760;52.480;13.422;2019-07-11T00:17:09;9.50;;;8.50;;
3491;http://www.opengis.net/def/sensors/types/examples/SDS011;1760;52.480;13.422;2019-07-11T00:19:38;10.40;;;8.67;;
3491;http://www.opengis.net/def/sensors/types/examples/SDS011;1760;52.480;13.422;2019-07-11T00:22:06;10.40;;;9.27;;
3491;http://www.opengis.net/def/sensors/types/examples/SDS011;1760;52.480;13.422;2019-07-11T00:24:34;12.80;;;9.10;;
3491;http://www.opengis.net/def/sensors/types/examples/SDS011;1760;52.480;13.422;2019-07-11T00:27:03;10.17;;;8.77;;
3491;http://www.opengis.net/def/sensors/types/examples/SDS011;1760;52.480;13.422;2019-07-11T00:29:31;9.23;;;8.33;;
3491;http://www.opengis.net/def/sensors/types/examples/SDS011;1760;52.480;13.422;2019-07-11T00:32:00;10.07;;;9.07;;
3491;http://www.opengis.net/def/sensors/types/examples/SDS011;1760;52.480;13.422;2019-07-11T00:34:28;9.97;;;8.00;;
3491;http://www.opengis.net/def/sensors/types/examples/SDS011;1760;52.480;13.422;2019-07-11T00:36:56;9.93;;;8.30;;
3491;http://www.opengis.net/def/sensors/types/examples/SDS011;1760;52.480;13.422;2019-07-11T00:39:25;10.77;;;8.50;;
3491;http://www.opengis.net/def/sensors/types/examples/SDS011;1760;52.480;13.422;2019-07-11T00:41:53;9.40;;;8.53;;
3491;http://www.opengis.net/def/sensors/types/examples/SDS011;1760;52.480;13.422;2019-07-11T00:44:21;11.10;;;8.90;;
3491;http://www.opengis.net/def/sensors/types/examples/SDS011;1760;52.480;13.422;2019-07-11T00:46:49;9.90;;;8.57;;
3491;http://www.opengis.net/def/sensors/types/examples/SDS011;1760;52.480;13.422;2019-07-11T00:49:18;9.33;;;8.43;;
3491;http://www.opengis.net/def/sensors/types/examples/SDS011;1760;52.480;13.422;2019-07-11T00:51:45;9.13;;;7.27;;
3491;http://www.opengis.net/def/sensors/types/examples/SDS011;1760;52.480;13.422;2019-07-11T00:54:14;8.67;;;7.87;;
3491;http://www.opengis.net/def/sensors/types/examples/SDS011;1760;52.480;13.422;2019-07-11T00:56:42;9.93;;;7.97;;
3491;http://www.opengis.net/def/sensors/types/examples/SDS011;1760;52.480;13.422;2019-07-11T00:59:10;9.60;;;8.30;;
3491;http://www.opengis.net/def/sensors/types/examples/SDS011;1760;52.480;13.422;2019-07-11T01:01:38;8.13;;;7.33;;
3491;http://www.opengis.net/def/sensors/types/examples/SDS011;1760;52.480;13.422;2019-07-11T01:04:06;7.90;;;7.20;;
3491;http://www.opengis.net/def/sensors/types/examples/SDS011;1760;52.480;13.422;2019-07-11T01:06:34;12.70;;;8.10;;
3491;http://www.opengis.net/def/sensors/types/examples/SDS011;1760;52.480;13.422;2019-07-11T01:09:03;10.00;;;7.03;;
3491;http://www.opengis.net/def/sensors/types/examples/SDS011;1760;52.480;13.422;2019-07-11T01:11:31;8.67;;;7.87;;
3491;http://www.opengis.net/def/sensors/types/examples/SDS011;1760;52.480;13.422;2019-07-11T01:16:36;12.00;;;7.73;;
3491;http://www.opengis.net/def/sensors/types/examples/SDS011;1760;52.480;13.422;2019-07-11T01:19:05;9.70;;;7.80;;
3491;http://www.opengis.net/def/sensors/types/examples/SDS011;1760;52.480;13.422;2019-07-11T01:21:33;12.17;;;8.33;;
3491;http://www.opengis.net/def/sensors/types/examples/SDS011;1760;52.480;13.422;2019-07-11T01:24:01;9.40;;;8.50;;
3491;http://www.opengis.net/def/sensors/types/examples/SDS011;1760;52.480;13.422;2019-07-11T01:26:29;8.20;;;7.50;;
3491;http://www.opengis.net/def/sensors/types/examples/SDS011;1760;52.480;13.422;2019-07-11T01:28:57;11.67;;;8.97;;
3491;http://www.opengis.net/def/sensors/types/examples/SDS011;1760;52.480;13.422;2019-07-11T01:31:25;14.87;;;8.53;;
3491;http://www.opengis.net/def/sensors/types/examples/SDS011;1760;52.480;13.422;2019-07-11T01:33:54;10.57;;;9.57;;
3491;http://www.opengis.net/def/sensors/types/examples/SDS011;1760;52.480;13.422;2019-07-11T01:36:22;10.43;;;9.23;;
3491;http://www.opengis.net/def/sensors/types/examples/SDS011;1760;52.480;13.422;2019-07-11T01:38:50;11.63;;;10.50;;
3491;http://www.opengis.net/def/sensors/types/examples/SDS011;1760;52.480;13.422;2019-07-11T01:41:18;12.20;;;11.00;;
3491;http://www.opengis.net/def/sensors/types/examples/SDS011;1760;52.480;13.422;2019-07-11T01:43:46;11.50;;;10.30;;
3491;http://www.opengis.net/def/sensors/types/examples/SDS011;1760;52.480;13.422;2019-07-11T01:46:15;11.73;;;9.40;;
3491;http://www.opengis.net/def/sensors/types/examples/SDS011;1760;52.480;13.422;2019-07-11T01:48:43;8.70;;;8.00;;
3491;http://www.opengis.net/def/sensors/types/examples/SDS011;1760;52.480;13.422;2019-07-11T01:51:11;13.43;;;9.50;;
3491;http://www.opengis.net/def/sensors/types/examples/SDS011;1760;52.480;13.422;2019-07-11T01:53:39;9.83;;;8.83;;
3491;http://www.opengis.net/def/sensors/types/examples/SDS011;1760;52.480;13.422;2019-07-11T01:56:07;11.77;;;8.20;;
3491;http://www.opengis.net/def/sensors/types/examples/SDS011;1760;52.480;13.422;2019-07-11T01:58:35;9.50;;;8.10;;
3491;http://www.opengis.net/def/sensors/types/examples/SDS011;1760;52.480;13.422;2019-07-11T02:01:03;11.67;;;7.80;;
3491;http://www.opengis.net/def/sensors/types/examples/SDS011;1760;52.480;13.422;2019-07-11T02:03:32;8.60;;;7.77;;
3491;http://www.opengis.net/def/sensors/types/examples/SDS011;1760;52.480;13.422;2019-07-11T02:06:00;14.43;;;7.53;;
3491;http://www.opengis.net/def/sensors/types/examples/SDS011;1760;52.480;13.422;2019-07-11T02:08:29;8.07;;;7.23;;
3491;http://www.opengis.net/def/sensors/types/examples/SDS011;1760;52.480;13.422;2019-07-11T02:10:59;9.53;;;7.33;;
3491;http://www.opengis.net/def/sensors/types/examples/SDS011;1760;52.480;13.422;2019-07-11T02:13:30;9.10;;;7.73;;
3491;http://www.opengis.net/def/sensors/types/examples/SDS011;1760;52.480;13.422;2019-07-11T02:15:58;10.27;;;6.93;;
3491;http://www.opengis.net/def/sensors/types/examples/SDS011;1760;52.480;13.422;2019-07-11T02:18:27;7.97;;;7.17;;
3491;http://www.opengis.net/def/sensors/types/examples/SDS011;1760;52.480;13.422;2019-07-11T02:20:55;7.67;;;6.60;;
3491;http://www.opengis.net/def/sensors/types/examples/SDS011;1760;52.480;13.422;2019-07-11T02:23:23;7.97;;;7.23;;
3491;http://www.opengis.net/def/sensors/types/examples/SDS011;1760;52.480;13.422;2019-07-11T02:25:51;8.00;;;7.30;;
3491;http://www.opengis.net/def/sensors/types/examples/SDS011;1760;52.480;13.422;2019-07-11T02:28:20;9.90;;;7.63;;
3491;http://www.opengis.net/def/sensors/types/examples/SDS011;1760;52.480;13.422;2019-07-11T02:30:48;16.73;;;8.83;;
3491;http://www.opengis.net/def/sensors/types/examples/SDS011;1760;52.480;13.422;2019-07-11T02:33:16;12.70;;;10.37;;
3491;http://www.opengis.net/def/sensors/types/examples/SDS011;1760;52.480;13.422;2019-07-11T02:35:45;15.57;;;11.10;;
3491;http://www.opengis.net/def/sensors/types/examples/SDS011;1760;52.480;13.422;2019-07-11T02:38:13;12.10;;;11.00;;
3491;http://www.opengis.net/def/sensors/types/examples/SDS011;1760;52.480;13.422;2019-07-11T02:40:41;14.33;;;10.53;;
3491;http://www.opengis.net/def/sensors/types/examples/SDS011;1760;52.480;13.422;2019-07-11T02:43:09;10.37;;;9.40;;
3491;http://www.opengis.net/def/sensors/types/examples/SDS011;1760;52.480;13.422;2019-07-11T02:45:37;11.03;;;9.77;;
3491;http://www.opengis.net/def/sensors/types/examples/SDS011;1760;52.480;13.422;2019-07-11T02:48:06;10.17;;;8.93;;
3491;http://www.opengis.net/def/sensors/types/examples/SDS011;1760;52.480;13.422;2019-07-11T02:53:28;9.20;;;8.30;;
3491;http://www.opengis.net/def/sensors/types/examples/SDS011;1760;52.480;13.422;2019-07-11T02:55:57;9.83;;;8.60;;
3491;http://www.opengis.net/def/sensors/types/examples/SDS011;1760;52.480;13.422;2019-07-11T03:01:00;9.80;;;8.80;;
3491;http://www.opengis.net/def/sensors/types/examples/SDS011;1760;52.480;13.422;2019-07-11T03:03:29;12.53;;;7.87;;
3491;http://www.opengis.net/def/sensors/types/examples/SDS011;1760;52.480;13.422;2019-07-11T03:05:57;9.40;;;8.27;;
3491;http://www.opengis.net/def/sensors/types/examples/SDS011;1760;52.480;13.422;2019-07-11T03:08:25;9.43;;;8.07;;
3491;http://www.opengis.net/def/sensors/types/examples/SDS011;1760;52.480;13.422;2019-07-11T03:10:53;9.67;;;7.27;;
3491;http://www.opengis.net/def/sensors/types/examples/SDS011;1760;52.480;13.422;2019-07-11T03:13:22;9.93;;;8.47;;
3491;http://www.opengis.net/def/sensors/types/examples/SDS011;1760;52.480;13.422;2019-07-11T03:15:50;14.13;;;7.87;;
3491;http://www.opengis.net/def/sensors/types/examples/SDS011;1760;52.480;13.422;2019-07-11T03:18:19;8.33;;;7.37;;
3491;http://www.opengis.net/def/sensors/types/examples/SDS011;1760;52.480;13.422;2019-07-11T03:20:47;8.60;;;7.37;;
3491;http://www.opengis.net/def/sensors/types/examples/SDS011;1760;52.480;13.422;2019-07-11T03:23:15;7.53;;;6.43;;
3491;http://www.opengis.net/def/sensors/types/examples/SDS011;1760;52.480;13.422;2019-07-11T03:25:44;9.70;;;7.30;;
3491;http://www.opengis.net/def/sensors/types/examples/SDS011;1760;52.480;13.422;2019-07-11T03:28:12;7.93;;;7.10;;
3491;http://www.opengis.net/def/sensors/types/examples/SDS011;1760;52.480;13.422;2019-07-11T03:30:40;8.77;;;7.87;;
3491;http://www.opengis.net/def/sensors/types/examples/SDS011;1760;52.480;13.422;2019-07-11T03:33:08;8.97;;;6.90;;
3491;http://www.opengis.net/def/sensors/types/examples/SDS011;1760;52.480;13.422;2019-07-11T03:35:36;8.03;;;7.23;;
3491;http://www.opengis.net/def/sensors/types/examples/SDS011;1760;52.480;13.422;2019-07-11T03:38:04;10.23;;;6.63;;
3491;http://www.opengis.net/def/sensors/types/examples/SDS011;1760;52.480;13.422;2019-07-11T03:40:33;13.13;;;9.60;;
3491;http://www.opengis.net/def/sensors/types/examples/SDS011;1760;52.480;13.422;2019-07-11T03:43:01;9.00;;;7.00;;
3491;http://www.opengis.net/def/sensors/types/examples/SDS011;1760;52.480;13.422;2019-07-11T03:45:29;8.93;;;6.43;;
3491;http://www.opengis.net/def/sensors/types/examples/SDS011;1760;52.480;13.422;2019-07-11T03:47:57;7.40;;;6.67;;
3491;http://www.opengis.net/def/sensors/types/examples/SDS011;1760;52.480;13.422;2019-07-11T03:50:34;7.13;;;6.43;;
3491;http://www.opengis.net/def/sensors/types/examples/SDS011;1760;52.480;13.422;2019-07-11T03:53:03;13.10;;;8.50;;
3491;http://www.opengis.net/def/sensors/types/examples/SDS011;1760;52.480;13.422;2019-07-11T03:55:32;10.20;;;6.90;;
3491;http://www.opengis.net/def/sensors/types/examples/SDS011;1760;52.480;13.422;2019-07-11T03:58:00;9.50;;;7.07;;
3491;http://www.opengis.net/def/sensors/types/examples/SDS011;1760;52.480;13.422;2019-07-11T04:00:28;7.27;;;6.57;;
3491;http://www.opengis.net/def/sensors/types/examples/SDS011;1760;52.480;13.422;2019-07-11T04:02:56;6.97;;;6.27;;
3491;http://www.opengis.net/def/sensors/types/examples/SDS011;1760;52.480;13.422;2019-07-11T04:05:24;7.23;;;6.20;;
3491;http://www.opengis.net/def/sensors/types/examples/SDS011;1760;52.480;13.422;2019-07-11T04:07:52;7.03;;;6.33;;
3491;http://www.opengis.net/def/sensors/types/examples/SDS011;1760;52.480;13.422;2019-07-11T04:10:21;8.83;;;7.90;;
3491;http://www.opengis.net/def/sensors/types/examples/SDS011;1760;52.480;13.422;2019-07-11T04:12:49;7.17;;;6.47;;
3491;http://www.opengis.net/def/sensors/types/examples/SDS011;1760;52.480;13.422;2019-07-11T04:15:17;12.27;;;6.47;;
3491;http://www.opengis.net/def/sensors/types/examples/SDS011;1760;52.480;13.422;2019-07-11T04:17:46;9.23;;;6.20;;
3491;http://www.opengis.net/def/sensors/types/examples/SDS011;1760;52.480;13.422;2019-07-11T04:20:14;9.17;;;6.40;;
3491;http://www.opengis.net/def/sensors/types/examples/SDS011;1760;52.480;13.422;2019-07-11T04:22:42;8.10;;;6.83;;
3491;http://www.opengis.net/def/sensors/types/examples/SDS011;1760;52.480;13.422;2019-07-11T04:25:10;6.53;;;5.93;;
3491;http://www.opengis.net/def/sensors/types/examples/SDS011;1760;52.480;13.422;2019-07-11T04:27:39;7.93;;;5.90;;
3491;http://www.opengis.net/def/sensors/types/examples/SDS011;1760;52.480;13.422;2019-07-11T04:32:38;5.80;;;5.30;;
3491;http://www.opengis.net/def/sensors/types/examples/SDS011;1760;52.480;13.422;2019-07-11T04:35:09;7.43;;;6.63;;
3491;http://www.opengis.net/def/sensors/types/examples/SDS011;1760;52.480;13.422;2019-07-11T04:37:38;8.17;;;5.47;;
3491;http://www.opengis.net/def/sensors/types/examples/SDS011;1760;52.480;13.422;2019-07-11T04:40:06;9.60;;;6.20;;
3491;http://www.opengis.net/def/sensors/types/examples/SDS011;1760;52.480;13.422;2019-07-11T04:42:35;8.47;;;6.33;;
3491;http://www.opengis.net/def/sensors/types/examples/SDS011;1760;52.480;13.422;2019-07-11T04:45:04;7.93;;;6.00;;
3491;http://www.opengis.net/def/sensors/types/examples/SDS011;1760;52.480;13.422;2019-07-11T04:47:41;9.13;;;6.57;;
3491;http://www.opengis.net/def/sensors/types/examples/SDS011;1760;52.480;13.422;2019-07-11T04:50:09;9.00;;;6.13;;
3491;http://www.opengis.net/def/sensors/types/examples/SDS011;1760;52.480;13.422;2019-07-11T04:52:37;6.63;;;5.93;;
3491;http://www.opengis.net/def/sensors/types/examples/SDS011;1760;52.480;13.422;2019-07-11T04:55:14;10.83;;;4.80;;
3491;http://www.opengis.net/def/sensors/types/examples/SDS011;1760;52.480;13.422;2019-07-11T04:57:42;8.47;;;3.80;;
3491;http://www.opengis.net/def/sensors/types/examples/SDS011;1760;52.480;13.422;2019-07-11T05:00:10;6.70;;;5.20;;
3491;http://www.opengis.net/def/sensors/types/examples/SDS011;1760;52.480;13.422;2019-07-11T05:02:39;6.60;;;3.73;;
3491;http://www.opengis.net/def/sensors/types/examples/SDS011;1760;52.480;13.422;2019-07-11T05:05:07;5.20;;;4.17;;
3491;http://www.opengis.net/def/sensors/types/examples/SDS011;1760;52.480;13.422;2019-07-11T05:07:35;9.37;;;4.83;;
3491;http://www.opengis.net/def/sensors/types/examples/SDS011;1760;52.480;13.422;2019-07-11T05:10:03;11.03;;;4.13;;
3491;http://www.opengis.net/def/sensors/types/examples/SDS011;1760;52.480;13.422;2019-07-11T05:12:32;5.30;;;3.90;;
3491;http://www.opengis.net/def/sensors/types/examples/SDS011;1760;52.480;13.422;2019-07-11T05:15:00;11.60;;;4.37;;
3491;http://www.opengis.net/def/sensors/types/examples/SDS011;1760;52.480;13.422;2019-07-11T05:17:29;5.20;;;4.63;;
3491;http://www.opengis.net/def/sensors/types/examples/SDS011;1760;52.480;13.422;2019-07-11T05:19:58;5.50;;;4.13;;
3491;http://www.opengis.net/def/sensors/types/examples/SDS011;1760;52.480;13.422;2019-07-11T05:22:26;4.90;;;4.10;;
3491;http://www.opengis.net/def/sensors/types/examples/SDS011;1760;52.480;13.422;2019-07-11T05:24:54;7.20;;;4.17;;
3491;http://www.opengis.net/def/sensors/types/examples/SDS011;1760;52.480;13.422;2019-07-11T05:27:22;6.87;;;4.43;;
3491;http://www.opengis.net/def/sensors/types/examples/SDS011;1760;52.480;13.422;2019-07-11T05:29:50;5.10;;;3.80;;
3491;http://www.opengis.net/def/sensors/types/examples/SDS011;1760;52.480;13.422;2019-07-11T05:32:18;4.90;;;3.73;;
3491;http://www.opengis.net/def/sensors/types/examples/SDS011;1760;52.480;13.422;2019-07-11T05:34:46;10.00;;;3.63;;
3491;http://www.opengis.net/def/sensors/types/examples/SDS011;1760;52.480;13.422;2019-07-11T05:37:14;5.90;;;4.30;;
3491;http://www.opengis.net/def/sensors/types/examples/SDS011;1760;52.480;13.422;2019-07-11T05:39:43;6.40;;;3.53;;
3491;http://www.opengis.net/def/sensors/types/examples/SDS011;1760;52.480;13.422;2019-07-11T05:42:11;7.60;;;5.03;;
3491;http://www.opengis.net/def/sensors/types/examples/SDS011;1760;52.480;13.422;2019-07-11T05:44:40;6.30;;;4.37;;
3491;http://www.opengis.net/def/sensors/types/examples/SDS011;1760;52.480;13.422;2019-07-11T05:47:07;4.73;;;3.50;;
3491;http://www.opengis.net/def/sensors/types/examples/SDS011;1760;52.480;13.422;2019-07-11T05:49:36;10.60;;;4.27;;
3491;http://www.opengis.net/def/sensors/types/examples/SDS011;1760;52.480;13.422;2019-07-11T05:52:04;5.37;;;4.27;;
3491;http://www.opengis.net/def/sensors/types/examples/SDS011;1760;52.480;13.422;2019-07-11T05:54:33;4.83;;;3.70;;
3491;http://www.opengis.net/def/sensors/types/examples/SDS011;1760;52.480;13.422;2019-07-11T05:57:01;7.00;;;3.93;;
3491;http://www.opengis.net/def/sensors/types/examples/SDS011;1760;52.480;13.422;2019-07-11T05:59:29;7.70;;;3.93;;
3491;http://www.opengis.net/def/sensors/types/examples/SDS011;1760;52.480;13.422;2019-07-11T06:01:58;5.20;;;3.73;;
3491;http://www.opengis.net/def/sensors/types/examples/SDS011;1760;52.480;13.422;2019-07-11T06:04:26;6.00;;;4.20;;
3491;http://www.opengis.net/def/sensors/types/examples/SDS011;1760;52.480;13.422;2019-07-11T06:06:54;5.03;;;4.10;;
3491;http://www.opengis.net/def/sensors/types/examples/SDS011;1760;52.480;13.422;2019-07-11T06:09:22;7.80;;;4.37;;
3491;http://www.opengis.net/def/sensors/types/examples/SDS011;1760;52.480;13.422;2019-07-11T06:11:50;4.87;;;3.50;;
3491;http://www.opengis.net/def/sensors/types/examples/SDS011;1760;52.480;13.422;2019-07-11T06:14:19;5.70;;;3.70;;
3491;http://www.opengis.net/def/sensors/types/examples/SDS011;1760;52.480;13.422;2019-07-11T06:16:47;7.10;;;4.30;;
3491;http://www.opengis.net/def/sensors/types/examples/SDS011;1760;52.480;13.422;2019-07-11T06:19:15;5.77;;;4.53;;
3491;http://www.opengis.net/def/sensors/types/examples/SDS011;1760;52.480;13.422;2019-07-11T06:21:43;7.40;;;4.53;;
3491;http://www.opengis.net/def/sensors/types/examples/SDS011;1760;52.480;13.422;2019-07-11T06:24:11;6.53;;;4.63;;
3491;http://www.opengis.net/def/sensors/types/examples/SDS011;1760;52.480;13.422;2019-07-11T06:26:40;7.20;;;4.43;;
3491;http://www.opengis.net/def/sensors/types/examples/SDS011;1760;52.480;13.422;2019-07-11T06:29:08;7.20;;;3.73;;
3491;http://www.opengis.net/def/sensors/types/examples/SDS011;1760;52.480;13.422;2019-07-11T06:31:36;9.73;;;4.37;;
3491;http://www.opengis.net/def/sensors/types/examples/SDS011;1760;52.480;13.422;2019-07-11T06:34:04;5.07;;;4.10;;
3491;http://www.opengis.net/def/sensors/types/examples/SDS011;1760;52.480;13.422;2019-07-11T06:36:32;6.00;;;3.20;;
3491;http://www.opengis.net/def/sensors/types/examples/SDS011;1760;52.480;13.422;2019-07-11T06:39:00;5.63;;;4.07;;
3491;http://www.opengis.net/def/sensors/types/examples/SDS011;1760;52.480;13.422;2019-07-11T06:41:30;8.00;;;4.10;;
3491;http://www.opengis.net/def/sensors/types/examples/SDS011;1760;52.480;13.422;2019-07-11T06:43:58;7.50;;;4.00;;
3491;http://www.opengis.net/def/sensors/types/examples/SDS011;1760;52.480;13.422;2019-07-11T06:46:27;6.60;;;3.80;;
3491;http://www.opengis.net/def/sensors/types/examples/SDS011;1760;52.480;13.422;2019-07-11T06:48:55;6.80;;;3.57;;
3491;http://www.opengis.net/def/sensors/types/examples/SDS011;1760;52.480;13.422;2019-07-11T06:51:24;7.60;;;4.00;;
3491;http://www.opengis.net/def/sensors/types/examples/SDS011;1760;52.480;13.422;2019-07-11T06:53:52;8.37;;;3.90;;
3491;http://www.opengis.net/def/sensors/types/examples/SDS011;1760;52.480;13.422;2019-07-11T06:56:20;4.50;;;3.60;;
3491;http://www.opengis.net/def/sensors/types/examples/SDS011;1760;52.480;13.422;2019-07-11T06:58:49;6.23;;;4.10;;
3491;http://www.opengis.net/def/sensors/types/examples/SDS011;1760;52.480;13.422;2019-07-11T07:01:19;5.30;;;3.37;;
3491;http://www.opengis.net/def/sensors/types/examples/SDS011;1760;52.480;13.422;2019-07-11T07:03:47;6.83;;;2.83;;
3491;http://www.opengis.net/def/sensors/types/examples/SDS011;1760;52.480;13.422;2019-07-11T07:06:15;5.80;;;3.20;;
3491;http://www.opengis.net/def/sensors/types/examples/SDS011;1760;52.480;13.422;2019-07-11T07:08:43;3.80;;;3.27;;
3491;http://www.opengis.net/def/sensors/types/examples/SDS011;1760;52.480;13.422;2019-07-11T07:11:11;4.00;;;2.90;;
3491;http://www.opengis.net/def/sensors/types/examples/SDS011;1760;52.480;13.422;2019-07-11T07:13:40;4.03;;;3.17;;
3491;http://www.opengis.net/def/sensors/types/examples/SDS011;1760;52.480;13.422;2019-07-11T07:16:08;8.03;;;3.53;;
3491;http://www.opengis.net/def/sensors/types/examples/SDS011;1760;52.480;13.422;2019-07-11T07:18:36;6.60;;;4.10;;
3491;http://www.opengis.net/def/sensors/types/examples/SDS011;1760;52.480;13.422;2019-07-11T07:21:05;4.57;;;3.00;;
3491;http://www.opengis.net/def/sensors/types/examples/SDS011;1760;52.480;13.422;2019-07-11T07:23:33;5.03;;;3.63;;
3491;http://www.opengis.net/def/sensors/types/examples/SDS011;1760;52.480;13.422;2019-07-11T07:26:01;4.60;;;3.37;;
3491;http://www.opengis.net/def/sensors/types/examples/SDS011;1760;52.480;13.422;2019-07-11T07:28:30;9.20;;;3.80;;
3491;http://www.opengis.net/def/sensors/types/examples/SDS011;1760;52.480;13.422;2019-07-11T07:30:58;8.03;;;4.23;;
3491;http://www.opengis.net/def/sensors/types/examples/SDS011;1760;52.480;13.422;2019-07-11T07:33:26;5.60;;;3.37;;
3491;http://www.opengis.net/def/sensors/types/examples/SDS011;1760;52.480;13.422;2019-07-11T07:35:54;6.40;;;2.90;;
3491;http://www.opengis.net/def/sensors/types/examples/SDS011;1760;52.480;13.422;2019-07-11T07:38:23;4.80;;;3.60;;
3491;http://www.opengis.net/def/sensors/types/examples/SDS011;1760;52.480;13.422;2019-07-11T07:40:51;4.00;;;2.80;;
3491;http://www.opengis.net/def/sensors/types/examples/SDS011;1760;52.480;13.422;2019-07-11T07:43:19;3.40;;;2.70;;
3491;http://www.opengis.net/def/sensors/types/examples/SDS011;1760;52.480;13.422;2019-07-11T07:45:48;5.20;;;3.17;;
3491;http://www.opengis.net/def/sensors/types/examples/SDS011;1760;52.480;13.422;2019-07-11T07:48:16;8.37;;;3.80;;
3491;http://www.opengis.net/def/sensors/types/examples/SDS011;1760;52.480;13.422;2019-07-11T07:50:45;7.23;;;2.90;;
3491;http://www.opengis.net/def/sensors/types/examples/SDS011;1760;52.480;13.422;2019-07-11T07:53:14;3.00;;;2.70;;
3491;http://www.opengis.net/def/sensors/types/examples/SDS011;1760;52.480;13.422;2019-07-11T07:55:42;4.67;;;2.90;;
3491;http://www.opengis.net/def/sensors/types/examples/SDS011;1760;52.480;13.422;2019-07-11T07:58:12;3.57;;;3.07;;
3491;http://www.opengis.net/def/sensors/types/examples/SDS011;1760;52.480;13.422;2019-07-11T08:00:40;6.03;;;3.53;;
3491;http://www.opengis.net/def/sensors/types/examples/SDS011;1760;52.480;13.422;2019-07-11T08:03:08;3.63;;;3.07;;
3491;http://www.opengis.net/def/sensors/types/examples/SDS011;1760;52.480;13.422;2019-07-11T08:05:37;4.57;;;3.30;;
3491;http://www.opengis.net/def/sensors/types/examples/SDS011;1760;52.480;13.422;2019-07-11T08:08:05;4.37;;;2.87;;
3491;http://www.opengis.net/def/sensors/types/examples/SDS011;1760;52.480;13.422;2019-07-11T08:10:34;5.87;;;3.00;;
3491;http://www.opengis.net/def/sensors/types/examples/SDS011;1760;52.480;13.422;2019-07-11T08:13:03;3.87;;;3.30;;
3491;http://www.opengis.net/def/sensors/types/examples/SDS011;1760;52.480;13.422;2019-07-11T08:15:31;4.77;;;2.60;;
3491;http://www.opengis.net/def/sensors/types/examples/SDS011;1760;52.480;13.422;2019-07-11T08:17:59;6.07;;;3.60;;
3491;http://www.opengis.net/def/sensors/types/examples/SDS011;1760;52.480;13.422;2019-07-11T08:20:28;3.00;;;2.80;;
3491;http://www.opengis.net/def/sensors/types/examples/SDS011;1760;52.480;13.422;2019-07-11T08:22:56;4.13;;;3.47;;
3491;http://www.opengis.net/def/sensors/types/examples/SDS011;1760;52.480;13.422;2019-07-11T08:25:25;3.23;;;2.93;;
3491;http://www.opengis.net/def/sensors/types/examples/SDS011;1760;52.480;13.422;2019-07-11T08:27:55;3.50;;;3.17;;
3491;http://www.opengis.net/def/sensors/types/examples/SDS011;1760;52.480;13.422;2019-07-11T08:30:42;5.13;;;3.10;;
3491;http://www.opengis.net/def/sensors/types/examples/SDS011;1760;52.480;13.422;2019-07-11T08:33:12;3.80;;;2.50;;
3491;http://www.opengis.net/def/sensors/types/examples/SDS011;1760;52.480;13.422;2019-07-11T08:35:40;3.13;;;2.83;;
3491;http://www.opengis.net/def/sensors/types/examples/SDS011;1760;52.480;13.422;2019-07-11T08:38:09;4.67;;;2.50;;
3491;http://www.opengis.net/def/sensors/types/examples/SDS011;1760;52.480;13.422;2019-07-11T08:40:38;4.33;;;3.70;;
3491;http://www.opengis.net/def/sensors/types/examples/SDS011;1760;52.480;13.422;2019-07-11T08:43:06;3.70;;;3.00;;
3491;http://www.opengis.net/def/sensors/types/examples/SDS011;1760;52.480;13.422;2019-07-11T08:45:35;4.30;;;3.33;;
3491;http://www.opengis.net/def/sensors/types/examples/SDS011;1760;52.480;13.422;2019-07-11T08:48:03;3.37;;;2.60;;
3491;http://www.opengis.net/def/sensors/types/examples/SDS011;1760;52.480;13.422;2019-07-11T08:50:32;4.57;;;3.07;;
3491;http://www.opengis.net/def/sensors/types/examples/SDS011;1760;52.480;13.422;2019-07-11T08:53:00;4.07;;;3.10;;
3491;http://www.opengis.net/def/sensors/types/examples/SDS011;1760;52.480;13.422;2019-07-11T08:55:28;5.20;;;3.77;;
3491;http://www.opengis.net/def/sensors/types/examples/SDS011;1760;52.480;13.422;2019-07-11T08:57:57;3.77;;;3.07;;
3491;http://www.opengis.net/def/sensors/types/examples/SDS011;1760;52.480;13.422;2019-07-11T09:03:15;4.30;;;3.00;;
3491;http://www.opengis.net/def/sensors/types/examples/SDS011;1760;52.480;13.422;2019-07-11T09:05:43;3.67;;;2.57;;
3491;http://www.opengis.net/def/sensors/types/examples/SDS011;1760;52.480;13.422;2019-07-11T09:08:12;4.10;;;2.87;;
3491;http://www.opengis.net/def/sensors/types/examples/SDS011;1760;52.480;13.422;2019-07-11T09:10:40;3.30;;;3.00;;
3491;http://www.opengis.net/def/sensors/types/examples/SDS011;1760;52.480;13.422;2019-07-11T09:13:09;3.97;;;3.50;;
3491;http://www.opengis.net/def/sensors/types/examples/SDS011;1760;52.480;13.422;2019-07-11T09:15:37;5.43;;;2.83;;
3491;http://www.opengis.net/def/sensors/types/examples/SDS011;1760;52.480;13.422;2019-07-11T09:18:06;5.97;;;3.53;;
3491;http://www.opengis.net/def/sensors/types/examples/SDS011;1760;52.480;13.422;2019-07-11T09:20:34;3.40;;;2.67;;
3491;http://www.opengis.net/def/sensors/types/examples/SDS011;1760;52.480;13.422;2019-07-11T09:23:03;5.87;;;3.00;;
3491;http://www.opengis.net/def/sensors/types/examples/SDS011;1760;52.480;13.422;2019-07-11T09:25:31;5.13;;;2.90;;
3491;http://www.opengis.net/def/sensors/types/examples/SDS011;1760;52.480;13.422;2019-07-11T09:27:59;3.63;;;2.57;;
3491;http://www.opengis.net/def/sensors/types/examples/SDS011;1760;52.480;13.422;2019-07-11T09:30:28;5.03;;;2.87;;
3491;http://www.opengis.net/def/sensors/types/examples/SDS011;1760;52.480;13.422;2019-07-11T09:32:56;3.30;;;2.53;;
3491;http://www.opengis.net/def/sensors/types/examples/SDS011;1760;52.480;13.422;2019-07-11T09:35:24;2.43;;;2.23;;
3491;http://www.opengis.net/def/sensors/types/examples/SDS011;1760;52.480;13.422;2019-07-11T09:37:53;3.97;;;2.70;;
3491;http://www.opengis.net/def/sensors/types/examples/SDS011;1760;52.480;13.422;2019-07-11T09:40:22;3.50;;;3.20;;
3491;http://www.opengis.net/def/sensors/types/examples/SDS011;1760;52.480;13.422;2019-07-11T09:42:50;4.80;;;2.83;;
3491;http://www.opengis.net/def/sensors/types/examples/SDS011;1760;52.480;13.422;2019-07-11T09:47:52;4.50;;;3.13;;
3491;http://www.opengis.net/def/sensors/types/examples/SDS011;1760;52.480;13.422;2019-07-11T09:50:20;4.67;;;2.83;;
3491;http://www.opengis.net/def/sensors/types/examples/SDS011;1760;52.480;13.422;2019-07-11T09:52:48;4.70;;;2.80;;
3491;http://www.opengis.net/def/sensors/types/examples/SDS011;1760;52.480;13.422;2019-07-11T09:55:17;5.37;;;2.50;;
3491;http://www.opengis.net/def/sensors/types/examples/SDS011;1760;52.480;13.422;2019-07-11T09:57:45;4.10;;;2.60;;
3491;http://www.opengis.net/def/sensors/types/examples/SDS011;1760;52.480;13.422;2019-07-11T10:02:49;5.93;;;2.63;;
3491;http://www.opengis.net/def/sensors/types/examples/SDS011;1760;52.480;13.422;2019-07-11T10:05:17;5.77;;;2.57;;
3491;http://www.opengis.net/def/sensors/types/examples/SDS011;1760;52.480;13.422;2019-07-11T10:07:45;2.43;;;2.20;;
3491;http://www.opengis.net/def/sensors/types/examples/SDS011;1760;52.480;13.422;2019-07-11T10:10:13;2.73;;;2.30;;
3491;http://www.opengis.net/def/sensors/types/examples/SDS011;1760;52.480;13.422;2019-07-11T10:12:42;3.03;;;2.17;;
3491;http://www.opengis.net/def/sensors/types/examples/SDS011;1760;52.480;13.422;2019-07-11T10:15:10;3.70;;;2.33;;
3491;http://www.opengis.net/def/sensors/types/examples/SDS011;1760;52.480;13.422;2019-07-11T10:17:40;5.63;;;2.10;;
3491;http://www.opengis.net/def/sensors/types/examples/SDS011;1760;52.480;13.422;2019-07-11T10:20:08;5.00;;;2.30;;
3491;http://www.opengis.net/def/sensors/types/examples/SDS011;1760;52.480;13.422;2019-07-11T10:22:36;5.00;;;2.50;;
3491;http://www.opengis.net/def/sensors/types/examples/SDS011;1760;52.480;13.422;2019-07-11T10:25:04;5.23;;;2.50;;
3491;http://www.opengis.net/def/sensors/types/examples/SDS011;1760;52.480;13.422;2019-07-11T10:27:33;5.70;;;2.60;;
3491;http://www.opengis.net/def/sensors/types/examples/SDS011;1760;52.480;13.422;2019-07-11T10:30:02;2.97;;;1.90;;
3491;http://www.opengis.net/def/sensors/types/examples/SDS011;1760;52.480;13.422;2019-07-11T10:32:30;4.83;;;2.30;;
3491;http://www.opengis.net/def/sensors/types/examples/SDS011;1760;52.480;13.422;2019-07-11T10:34:59;2.47;;;2.20;;
3491;http://www.opengis.net/def/sensors/types/examples/SDS011;1760;52.480;13.422;2019-07-11T10:37:27;2.80;;;2.33;;
3491;http://www.opengis.net/def/sensors/types/examples/SDS011;1760;52.480;13.422;2019-07-11T10:39:55;3.00;;;2.30;;
3491;http://www.opengis.net/def/sensors/types/examples/SDS011;1760;52.480;13.422;2019-07-11T10:42:23;2.23;;;2.03;;
3491;http://www.opengis.net/def/sensors/types/examples/SDS011;1760;52.480;13.422;2019-07-11T10:44:51;5.67;;;2.20;;
3491;http://www.opengis.net/def/sensors/types/examples/SDS011;1760;52.480;13.422;2019-07-11T10:47:19;3.80;;;2.10;;
3491;http://www.opengis.net/def/sensors/types/examples/SDS011;1760;52.480;13.422;2019-07-11T10:49:48;5.13;;;2.50;;
3491;http://www.opengis.net/def/sensors/types/examples/SDS011;1760;52.480;13.422;2019-07-11T10:52:16;3.40;;;2.30;;
3491;http://www.opengis.net/def/sensors/types/examples/SDS011;1760;52.480;13.422;2019-07-11T10:54:44;3.50;;;2.60;;
3491;http://www.opengis.net/def/sensors/types/examples/SDS011;1760;52.480;13.422;2019-07-11T10:57:12;3.63;;;2.23;;
3491;http://www.opengis.net/def/sensors/types/examples/SDS011;1760;52.480;13.422;2019-07-11T10:59:40;4.70;;;2.47;;
3491;http://www.opengis.net/def/sensors/types/examples/SDS011;1760;52.480;13.422;2019-07-11T11:02:08;2.70;;;2.40;;
3491;http://www.opengis.net/def/sensors/types/examples/SDS011;1760;52.480;13.422;2019-07-11T11:04:36;3.70;;;2.97;;
3491;http://www.opengis.net/def/sensors/types/examples/SDS011;1760;52.480;13.422;2019-07-11T11:07:04;3.77;;;2.37;;
3491;http://www.opengis.net/def/sensors/types/examples/SDS011;1760;52.480;13.422;2019-07-11T11:09:32;5.40;;;2.83;;
3491;http://www.opengis.net/def/sensors/types/examples/SDS011;1760;52.480;13.422;2019-07-11T11:12:00;6.00;;;2.60;;
3491;http://www.opengis.net/def/sensors/types/examples/SDS011;1760;52.480;13.422;2019-07-11T11:14:29;3.20;;;2.40;;
3491;http://www.opengis.net/def/sensors/types/examples/SDS011;1760;52.480;13.422;2019-07-11T11:16:57;3.03;;;2.30;;
3491;http://www.opengis.net/def/sensors/types/examples/SDS011;1760;52.480;13.422;2019-07-11T11:19:25;5.03;;;2.63;;
3491;http://www.opengis.net/def/sensors/types/examples/SDS011;1760;52.480;13.422;2019-07-11T11:21:53;2.20;;;1.90;;
3491;http://www.opengis.net/def/sensors/types/examples/SDS011;1760;52.480;13.422;2019-07-11T11:24:22;4.10;;;2.80;;
3491;http://www.opengis.net/def/sensors/types/examples/SDS011;1760;52.480;13.422;2019-07-11T11:26:50;5.77;;;2.97;;
3491;http://www.opengis.net/def/sensors/types/examples/SDS011;1760;52.480;13.422;2019-07-11T11:29:19;7.37;;;2.37;;
3491;http://www.opengis.net/def/sensors/types/examples/SDS011;1760;52.480;13.422;2019-07-11T11:31:47;2.70;;;2.47;;
3491;http://www.opengis.net/def/sensors/types/examples/SDS011;1760;52.480;13.422;2019-07-11T11:34:15;4.50;;;2.37;;
3491;http://www.opengis.net/def/sensors/types/examples/SDS011;1760;52.480;13.422;2019-07-11T11:36:44;3.10;;;1.80;;
3491;http://www.opengis.net/def/sensors/types/examples/SDS011;1760;52.480;13.422;2019-07-11T11:39:12;4.00;;;2.70;;
3491;http://www.opengis.net/def/sensors/types/examples/SDS011;1760;52.480;13.422;2019-07-11T11:41:40;4.40;;;3.30;;
3491;http://www.opengis.net/def/sensors/types/examples/SDS011;1760;52.480;13.422;2019-07-11T11:44:08;5.80;;;2.03;;
3491;http://www.opengis.net/def/sensors/types/examples/SDS011;1760;52.480;13.422;2019-07-11T11:46:37;3.20;;;2.13;;
3491;http://www.opengis.net/def/sensors/types/examples/SDS011;1760;52.480;13.422;2019-07-11T11:49:05;3.30;;;2.30;;
3491;http://www.opengis.net/def/sensors/types/examples/SDS011;1760;52.480;13.422;2019-07-11T11:51:34;3.53;;;2.90;;
3491;http://www.opengis.net/def/sensors/types/examples/SDS011;1760;52.480;13.422;2019-07-11T11:54:02;5.60;;;2.43;;
3491;http://www.opengis.net/def/sensors/types/examples/SDS011;1760;52.480;13.422;2019-07-11T11:56:30;5.80;;;1.97;;
3491;http://www.opengis.net/def/sensors/types/examples/SDS011;1760;52.480;13.422;2019-07-11T11:58:59;3.17;;;2.13;;
3491;http://www.opengis.net/def/sensors/types/examples/SDS011;1760;52.480;13.422;2019-07-11T12:01:27;5.10;;;1.93;;
3491;http://www.opengis.net/def/sensors/types/examples/SDS011;1760;52.480;13.422;2019-07-11T12:03:56;4.20;;;2.80;;
3491;http://www.opengis.net/def/sensors/types/examples/SDS011;1760;52.480;13.422;2019-07-11T12:06:24;2.70;;;2.13;;
3491;http://www.opengis.net/def/sensors/types/examples/SDS011;1760;52.480;13.422;2019-07-11T12:08:52;2.80;;;2.53;;
3491;http://www.opengis.net/def/sensors/types/examples/SDS011;1760;52.480;13.422;2019-07-11T12:11:21;3.67;;;2.17;;
3491;http://www.opengis.net/def/sensors/types/examples/SDS011;1760;52.480;13.422;2019-07-11T12:13:49;4.80;;;2.10;;
3491;http://www.opengis.net/def/sensors/types/examples/SDS011;1760;52.480;13.422;2019-07-11T12:16:17;3.60;;;2.07;;
3491;http://www.opengis.net/def/sensors/types/examples/SDS011;1760;52.480;13.422;2019-07-11T12:18:45;3.17;;;2.00;;
3491;http://www.opengis.net/def/sensors/types/examples/SDS011;1760;52.480;13.422;2019-07-11T12:21:14;2.40;;;1.97;;
3491;http://www.opengis.net/def/sensors/types/examples/SDS011;1760;52.480;13.422;2019-07-11T12:23:42;4.10;;;2.00;;
3491;http://www.opengis.net/def/sensors/types/examples/SDS011;1760;52.480;13.422;2019-07-11T12:26:10;2.47;;;1.90;;
3491;http://www.opengis.net/def/sensors/types/examples/SDS011;1760;52.480;13.422;2019-07-11T12:28:38;4.53;;;2.03;;
3491;http://www.opengis.net/def/sensors/types/examples/SDS011;1760;52.480;13.422;2019-07-11T12:31:07;3.03;;;2.37;;
3491;http://www.opengis.net/def/sensors/types/examples/SDS011;1760;52.480;13.422;2019-07-11T12:33:36;4.73;;;2.27;;
3491;http://www.opengis.net/def/sensors/types/examples/SDS011;1760;52.480;13.422;2019-07-11T12:36:05;2.97;;;2.07;;
3491;http://www.opengis.net/def/sensors/types/examples/SDS011;1760;52.480;13.422;2019-07-11T12:38:34;5.50;;;3.10;;
3491;http://www.opengis.net/def/sensors/types/examples/SDS011;1760;52.480;13.422;2019-07-11T12:41:02;4.43;;;2.27;;
3491;http://www.opengis.net/def/sensors/types/examples/SDS011;1760;52.480;13.422;2019-07-11T12:43:31;6.13;;;3.20;;
3491;http://www.opengis.net/def/sensors/types/examples/SDS011;1760;52.480;13.422;2019-07-11T12:46:00;6.20;;;2.27;;
3491;http://www.opengis.net/def/sensors/types/examples/SDS011;1760;52.480;13.422;2019-07-11T12:48:28;3.97;;;2.37;;
3491;http://www.opengis.net/def/sensors/types/examples/SDS011;1760;52.480;13.422;2019-07-11T12:50:57;11.90;;;4.97;;
3491;http://www.opengis.net/def/sensors/types/examples/SDS011;1760;52.480;13.422;2019-07-11T12:53:25;4.33;;;2.33;;
3491;http://www.opengis.net/def/sensors/types/examples/SDS011;1760;52.480;13.422;2019-07-11T12:55:53;4.13;;;2.30;;
3491;http://www.opengis.net/def/sensors/types/examples/SDS011;1760;52.480;13.422;2019-07-11T12:58:22;3.13;;;2.00;;
3491;http://www.opengis.net/def/sensors/types/examples/SDS011;1760;52.480;13.422;2019-07-11T13:00:50;3.93;;;2.70;;
3491;http://www.opengis.net/def/sensors/types/examples/SDS011;1760;52.480;13.422;2019-07-11T13:03:19;6.47;;;3.00;;
3491;http://www.opengis.net/def/sensors/types/examples/SDS011;1760;52.480;13.422;2019-07-11T13:05:47;2.60;;;2.20;;
3491;http://www.opengis.net/def/sensors/types/examples/SDS011;1760;52.480;13.422;2019-07-11T13:08:16;3.60;;;2.63;;
3491;http://www.opengis.net/def/sensors/types/examples/SDS011;1760;52.480;13.422;2019-07-11T13:10:44;5.73;;;2.60;;
3491;http://www.opengis.net/def/sensors/types/examples/SDS011;1760;52.480;13.422;2019-07-11T13:13:13;6.87;;;2.03;;
3491;http://www.opengis.net/def/sensors/types/examples/SDS011;1760;52.480;13.422;2019-07-11T13:15:41;5.80;;;3.13;;
3491;http://www.opengis.net/def/sensors/types/examples/SDS011;1760;52.480;13.422;2019-07-11T13:18:09;3.90;;;2.63;;
3491;http://www.opengis.net/def/sensors/types/examples/SDS011;1760;52.480;13.422;2019-07-11T13:20:37;8.60;;;2.63;;
3491;http://www.opengis.net/def/sensors/types/examples/SDS011;1760;52.480;13.422;2019-07-11T13:23:06;9.20;;;3.53;;
3491;http://www.opengis.net/def/sensors/types/examples/SDS011;1760;52.480;13.422;2019-07-11T13:25:34;3.57;;;2.23;;
3491;http://www.opengis.net/def/sensors/types/examples/SDS011;1760;52.480;13.422;2019-07-11T13:28:02;7.50;;;2.20;;
3491;http://www.opengis.net/def/sensors/types/examples/SDS011;1760;52.480;13.422;2019-07-11T13:30:31;2.33;;;2.03;;
3491;http://www.opengis.net/def/sensors/types/examples/SDS011;1760;52.480;13.422;2019-07-11T13:33:01;5.47;;;1.97;;
3491;http://www.opengis.net/def/sensors/types/examples/SDS011;1760;52.480;13.422;2019-07-11T13:35:34;23.87;;;6.30;;
3491;http://www.opengis.net/def/sensors/types/examples/SDS011;1760;52.480;13.422;2019-07-11T13:38:02;9.87;;;2.80;;
3491;http://www.opengis.net/def/sensors/types/examples/SDS011;1760;52.480;13.422;2019-07-11T13:43:05;2.73;;;1.77;;
3491;http://www.opengis.net/def/sensors/types/examples/SDS011;1760;52.480;13.422;2019-07-11T13:45:34;3.07;;;2.20;;
3491;http://www.opengis.net/def/sensors/types/examples/SDS011;1760;52.480;13.422;2019-07-11T13:48:02;9.20;;;2.17;;
3491;http://www.opengis.net/def/sensors/types/examples/SDS011;1760;52.480;13.422;2019-07-11T13:50:34;4.67;;;2.00;;
3491;http://www.opengis.net/def/sensors/types/examples/SDS011;1760;52.480;13.422;2019-07-11T13:53:03;4.30;;;1.80;;
3491;http://www.opengis.net/def/sensors/types/examples/SDS011;1760;52.480;13.422;2019-07-11T13:55:31;4.23;;;1.97;;
3491;http://www.opengis.net/def/sensors/types/examples/SDS011;1760;52.480;13.422;2019-07-11T13:58:00;7.33;;;2.47;;
3491;http://www.opengis.net/def/sensors/types/examples/SDS011;1760;52.480;13.422;2019-07-11T14:03:07;4.80;;;2.10;;
3491;http://www.opengis.net/def/sensors/types/examples/SDS011;1760;52.480;13.422;2019-07-11T14:05:36;3.77;;;2.00;;
3491;http://www.opengis.net/def/sensors/types/examples/SDS011;1760;52.480;13.422;2019-07-11T14:08:04;2.60;;;1.97;;
3491;http://www.opengis.net/def/sensors/types/examples/SDS011;1760;52.480;13.422;2019-07-11T14:10:33;2.60;;;2.07;;
3491;http://www.opengis.net/def/sensors/types/examples/SDS011;1760;52.480;13.422;2019-07-11T14:13:01;2.80;;;1.83;;
3491;http://www.opengis.net/def/sensors/types/examples/SDS011;1760;52.480;13.422;2019-07-11T14:15:30;3.80;;;1.77;;
3491;http://www.opengis.net/def/sensors/types/examples/SDS011;1760;52.480;13.422;2019-07-11T14:17:59;3.30;;;2.20;;
3491;http://www.opengis.net/def/sensors/types/examples/SDS011;1760;52.480;13.422;2019-07-11T14:20:27;2.23;;;1.70;;
3491;http://www.opengis.net/def/sensors/types/examples/SDS011;1760;52.480;13.422;2019-07-11T14:22:55;6.20;;;3.37;;
3491;http://www.opengis.net/def/sensors/types/examples/SDS011;1760;52.480;13.422;2019-07-11T14:25:24;2.47;;;1.93;;
3491;http://www.opengis.net/def/sensors/types/examples/SDS011;1760;52.480;13.422;2019-07-11T14:27:52;2.70;;;2.00;;
3491;http://www.opengis.net/def/sensors/types/examples/SDS011;1760;52.480;13.422;2019-07-11T14:32:59;2.37;;;1.60;;
3491;http://www.opengis.net/def/sensors/types/examples/SDS011;1760;52.480;13.422;2019-07-11T14:35:27;3.40;;;1.83;;
3491;http://www.opengis.net/def/sensors/types/examples/SDS011;1760;52.480;13.422;2019-07-11T14:37:55;4.17;;;2.80;;
3491;http://www.opengis.net/def/sensors/types/examples/SDS011;1760;52.480;13.422;2019-07-11T14:40:23;2.90;;;2.47;;
3491;http://www.opengis.net/def/sensors/types/examples/SDS011;1760;52.480;13.422;2019-07-11T14:42:51;7.77;;;3.17;;
3491;http://www.opengis.net/def/sensors/types/examples/SDS011;1760;52.480;13.422;2019-07-11T14:45:20;2.90;;;2.37;;
3491;http://www.opengis.net/def/sensors/types/examples/SDS011;1760;52.480;13.422;2019-07-11T14:47:48;9.17;;;2.30;;
3491;http://www.opengis.net/def/sensors/types/examples/SDS011;1760;52.480;13.422;2019-07-11T14:50:16;4.50;;;2.10;;
3491;http://www.opengis.net/def/sensors/types/examples/SDS011;1760;52.480;13.422;2019-07-11T14:52:44;3.60;;;2.17;;
3491;http://www.opengis.net/def/sensors/types/examples/SDS011;1760;52.480;13.422;2019-07-11T14:55:12;3.57;;;2.27;;
3491;http://www.opengis.net/def/sensors/types/examples/SDS011;1760;52.480;13.422;2019-07-11T14:57:40;7.23;;;2.70;;
3491;http://www.opengis.net/def/sensors/types/examples/SDS011;1760;52.480;13.422;2019-07-11T15:02:40;19.07;;;3.57;;
3491;http://www.opengis.net/def/sensors/types/examples/SDS011;1760;52.480;13.422;2019-07-11T15:05:08;4.63;;;2.00;;
3491;http://www.opengis.net/def/sensors/types/examples/SDS011;1760;52.480;13.422;2019-07-11T15:07:36;3.97;;;1.73;;
3491;http://www.opengis.net/def/sensors/types/examples/SDS011;1760;52.480;13.422;2019-07-11T15:10:04;4.53;;;2.10;;
3491;http://www.opengis.net/def/sensors/types/examples/SDS011;1760;52.480;13.422;2019-07-11T15:12:33;3.97;;;1.97;;
3491;http://www.opengis.net/def/sensors/types/examples/SDS011;1760;52.480;13.422;2019-07-11T15:15:01;3.57;;;2.00;;
3491;http://www.opengis.net/def/sensors/types/examples/SDS011;1760;52.480;13.422;2019-07-11T15:17:29;2.20;;;1.97;;
3491;http://www.opengis.net/def/sensors/types/examples/SDS011;1760;52.480;13.422;2019-07-11T15:19:58;2.87;;;2.00;;
3491;http://www.opengis.net/def/sensors/types/examples/SDS011;1760;52.480;13.422;2019-07-11T15:22:28;3.07;;;2.27;;
3491;http://www.opengis.net/def/sensors/types/examples/SDS011;1760;52.480;13.422;2019-07-11T15:24:59;4.80;;;2.33;;
3491;http://www.opengis.net/def/sensors/types/examples/SDS011;1760;52.480;13.422;2019-07-11T15:27:27;3.30;;;2.53;;
3491;http://www.opengis.net/def/sensors/types/examples/SDS011;1760;52.480;13.422;2019-07-11T15:29:56;2.07;;;1.80;;
3491;http://www.opengis.net/def/sensors/types/examples/SDS011;1760;52.480;13.422;2019-07-11T15:32:24;2.53;;;2.30;;
3491;http://www.opengis.net/def/sensors/types/examples/SDS011;1760;52.480;13.422;2019-07-11T15:34:52;4.33;;;2.50;;
3491;http://www.opengis.net/def/sensors/types/examples/SDS011;1760;52.480;13.422;2019-07-11T15:37:20;6.37;;;2.30;;
3491;http://www.opengis.net/def/sensors/types/examples/SDS011;1760;52.480;13.422;2019-07-11T15:39:48;3.00;;;1.97;;
3491;http://www.opengis.net/def/sensors/types/examples/SDS011;1760;52.480;13.422;2019-07-11T15:42:17;2.70;;;2.00;;
3491;http://www.opengis.net/def/sensors/types/examples/SDS011;1760;52.480;13.422;2019-07-11T15:44:45;3.10;;;2.03;;
3491;http://www.opengis.net/def/sensors/types/examples/SDS011;1760;52.480;13.422;2019-07-11T15:47:14;3.63;;;2.20;;
3491;http://www.opengis.net/def/sensors/types/examples/SDS011;1760;52.480;13.422;2019-07-11T15:49:42;4.33;;;2.60;;
3491;http://www.opengis.net/def/sensors/types/examples/SDS011;1760;52.480;13.422;2019-07-11T15:52:10;6.87;;;1.97;;
3491;http://www.opengis.net/def/sensors/types/examples/SDS011;1760;52.480;13.422;2019-07-11T15:54:38;3.87;;;2.37;;
3491;http://www.opengis.net/def/sensors/types/examples/SDS011;1760;52.480;13.422;2019-07-11T15:57:07;5.30;;;2.07;;
3491;http://www.opengis.net/def/sensors/types/examples/SDS011;1760;52.480;13.422;2019-07-11T15:59:35;3.87;;;2.60;;
3491;http://www.opengis.net/def/sensors/types/examples/SDS011;1760;52.480;13.422;2019-07-11T16:02:03;2.80;;;1.90;;
3491;http://www.opengis.net/def/sensors/types/examples/SDS011;1760;52.480;13.422;2019-07-11T16:04:32;2.67;;;2.30;;
3491;http://www.opengis.net/def/sensors/types/examples/SDS011;1760;52.480;13.422;2019-07-11T16:07:00;2.63;;;2.20;;
3491;http://www.opengis.net/def/sensors/types/examples/SDS011;1760;52.480;13.422;2019-07-11T16:09:28;3.77;;;3.00;;
3491;http://www.opengis.net/def/sensors/types/examples/SDS011;1760;52.480;13.422;2019-07-11T16:11:57;2.90;;;2.40;;
3491;http://www.opengis.net/def/sensors/types/examples/SDS011;1760;52.480;13.422;2019-07-11T16:14:25;3.90;;;2.60;;
3491;http://www.opengis.net/def/sensors/types/examples/SDS011;1760;52.480;13.422;2019-07-11T16:16:54;5.57;;;2.43;;
3491;http://www.opengis.net/def/sensors/types/examples/SDS011;1760;52.480;13.422;2019-07-11T16:19:22;2.60;;;2.00;;
3491;http://www.opengis.net/def/sensors/types/examples/SDS011;1760;52.480;13.422;2019-07-11T16:21:51;4.60;;;2.57;;
3491;http://www.opengis.net/def/sensors/types/examples/SDS011;1760;52.480;13.422;2019-07-11T16:24:20;3.17;;;2.87;;
3491;http://www.opengis.net/def/sensors/types/examples/SDS011;1760;52.480;13.422;2019-07-11T16:26:49;4.97;;;3.40;;
3491;http://www.opengis.net/def/sensors/types/examples/SDS011;1760;52.480;13.422;2019-07-11T16:29:18;3.80;;;3.50;;
3491;http://www.opengis.net/def/sensors/types/examples/SDS011;1760;52.480;13.422;2019-07-11T16:31:46;13.70;;;3.30;;
3491;http://www.opengis.net/def/sensors/types/examples/SDS011;1760;52.480;13.422;2019-07-11T16:34:14;3.33;;;2.70;;
3491;http://www.opengis.net/def/sensors/types/examples/SDS011;1760;52.480;13.422;2019-07-11T16:36:43;4.33;;;2.80;;
3491;http://www.opengis.net/def/sensors/types/examples/SDS011;1760;52.480;13.422;2019-07-11T16:39:11;6.53;;;2.80;;
3491;http://www.opengis.net/def/sensors/types/examples/SDS011;1760;52.480;13.422;2019-07-11T16:41:39;4.20;;;2.93;;
3491;http://www.opengis.net/def/sensors/types/examples/SDS011;1760;52.480;13.422;2019-07-11T16:44:08;3.27;;;2.60;;
3491;http://www.opengis.net/def/sensors/types/examples/SDS011;1760;52.480;13.422;2019-07-11T16:46:36;3.77;;;3.40;;
3491;http://www.opengis.net/def/sensors/types/examples/SDS011;1760;52.480;13.422;2019-07-11T16:49:05;6.60;;;2.67;;
3491;http://www.opengis.net/def/sensors/types/examples/SDS011;1760;52.480;13.422;2019-07-11T16:51:33;3.63;;;2.80;;
3491;http://www.opengis.net/def/sensors/types/examples/SDS011;1760;52.480;13.422;2019-07-11T16:54:01;3.50;;;2.33;;
3491;http://www.opengis.net/def/sensors/types/examples/SDS011;1760;52.480;13.422;2019-07-11T16:56:30;2.90;;;2.60;;
3491;http://www.opengis.net/def/sensors/types/examples/SDS011;1760;52.480;13.422;2019-07-11T16:58:58;8.17;;;5.60;;
3491;http://www.opengis.net/def/sensors/types/examples/SDS011;1760;52.480;13.422;2019-07-11T17:01:27;7.73;;;4.47;;
3491;http://www.opengis.net/def/sensors/types/examples/SDS011;1760;52.480;13.422;2019-07-11T17:03:55;4.73;;;3.83;;
3491;http://www.opengis.net/def/sensors/types/examples/SDS011;1760;52.480;13.422;2019-07-11T17:06:23;4.10;;;3.10;;
3491;http://www.opengis.net/def/sensors/types/examples/SDS011;1760;52.480;13.422;2019-07-11T17:08:52;3.37;;;3.07;;
3491;http://www.opengis.net/def/sensors/types/examples/SDS011;1760;52.480;13.422;2019-07-11T17:11:20;6.13;;;2.87;;
3491;http://www.opengis.net/def/sensors/types/examples/SDS011;1760;52.480;13.422;2019-07-11T17:13:48;8.10;;;3.70;;
3491;http://www.opengis.net/def/sensors/types/examples/SDS011;1760;52.480;13.422;2019-07-11T17:16:16;3.70;;;3.37;;
3491;http://www.opengis.net/def/sensors/types/examples/SDS011;1760;52.480;13.422;2019-07-11T17:18:44;5.93;;;3.77;;
3491;http://www.opengis.net/def/sensors/types/examples/SDS011;1760;52.480;13.422;2019-07-11T17:21:13;4.33;;;3.47;;
3491;http://www.opengis.net/def/sensors/types/examples/SDS011;1760;52.480;13.422;2019-07-11T17:23:42;5.57;;;5.07;;
3491;http://www.opengis.net/def/sensors/types/examples/SDS011;1760;52.480;13.422;2019-07-11T17:26:10;5.67;;;3.10;;
3491;http://www.opengis.net/def/sensors/types/examples/SDS011;1760;52.480;13.422;2019-07-11T17:28:38;3.50;;;2.90;;
3491;http://www.opengis.net/def/sensors/types/examples/SDS011;1760;52.480;13.422;2019-07-11T17:31:07;5.67;;;3.30;;
3491;http://www.opengis.net/def/sensors/types/examples/SDS011;1760;52.480;13.422;2019-07-11T17:33:36;6.87;;;3.40;;
3491;http://www.opengis.net/def/sensors/types/examples/SDS011;1760;52.480;13.422;2019-07-11T17:36:04;7.13;;;3.73;;
3491;http://www.opengis.net/def/sensors/types/examples/SDS011;1760;52.480;13.422;2019-07-11T17:38:32;6.17;;;4.17;;
3491;http://www.opengis.net/def/sensors/types/examples/SDS011;1760;52.480;13.422;2019-07-11T17:41:01;4.47;;;3.60;;
3491;http://www.opengis.net/def/sensors/types/examples/SDS011;1760;52.480;13.422;2019-07-11T17:43:29;10.50;;;4.17;;
3491;http://www.opengis.net/def/sensors/types/examples/SDS011;1760;52.480;13.422;2019-07-11T17:45:57;5.10;;;4.33;;
3491;http://www.opengis.net/def/sensors/types/examples/SDS011;1760;52.480;13.422;2019-07-11T17:48:25;13.87;;;10.90;;
3491;http://www.opengis.net/def/sensors/types/examples/SDS011;1760;52.480;13.422;2019-07-11T17:50:54;9.03;;;5.27;;
3491;http://www.opengis.net/def/sensors/types/examples/SDS011;1760;52.480;13.422;2019-07-11T17:53:22;8.37;;;4.07;;
3491;http://www.opengis.net/def/sensors/types/examples/SDS011;1760;52.480;13.422;2019-07-11T17:55:50;5.80;;;3.60;;
3491;http://www.opengis.net/def/sensors/types/examples/SDS011;1760;52.480;13.422;2019-07-11T17:58:19;3.80;;;3.17;;
3491;http://www.opengis.net/def/sensors/types/examples/SDS011;1760;52.480;13.422;2019-07-11T18:00:48;3.90;;;3.40;;
3491;http://www.opengis.net/def/sensors/types/examples/SDS011;1760;52.480;13.422;2019-07-11T18:03:17;4.97;;;2.90;;
3491;http://www.opengis.net/def/sensors/types/examples/SDS011;1760;52.480;13.422;2019-07-11T18:05:47;5.60;;;3.33;;
3491;http://www.opengis.net/def/sensors/types/examples/SDS011;1760;52.480;13.422;2019-07-11T18:08:15;5.17;;;3.93;;
3491;http://www.opengis.net/def/sensors/types/examples/SDS011;1760;52.480;13.422;2019-07-11T18:10:45;6.83;;;4.23;;
3491;http://www.opengis.net/def/sensors/types/examples/SDS011;1760;52.480;13.422;2019-07-11T18:13:14;4.10;;;2.90;;
3491;http://www.opengis.net/def/sensors/types/examples/SDS011;1760;52.480;13.422;2019-07-11T18:15:42;11.77;;;4.53;;
3491;http://www.opengis.net/def/sensors/types/examples/SDS011;1760;52.480;13.422;2019-07-11T18:18:11;17.00;;;8.00;;
3491;http://www.opengis.net/def/sensors/types/examples/SDS011;1760;52.480;13.422;2019-07-11T18:20:39;32.77;;;9.53;;
3491;http://www.opengis.net/def/sensors/types/examples/SDS011;1760;52.480;13.422;2019-07-11T18:23:09;33.77;;;10.03;;
3491;http://www.opengis.net/def/sensors/types/examples/SDS011;1760;52.480;13.422;2019-07-11T18:25:38;22.67;;;9.40;;
3491;http://www.opengis.net/def/sensors/types/examples/SDS011;1760;52.480;13.422;2019-07-11T18:28:06;6.13;;;3.80;;
3491;http://www.opengis.net/def/sensors/types/examples/SDS011;1760;52.480;13.422;2019-07-11T18:30:35;5.50;;;4.13;;
3491;http://www.opengis.net/def/sensors/types/examples/SDS011;1760;52.480;13.422;2019-07-11T18:33:05;5.47;;;3.63;;
3491;http://www.opengis.net/def/sensors/types/examples/SDS011;1760;52.480;13.422;2019-07-11T18:35:34;7.07;;;4.03;;
3491;http://www.opengis.net/def/sensors/types/examples/SDS011;1760;52.480;13.422;2019-07-11T18:38:03;18.23;;;6.43;;
3491;http://www.opengis.net/def/sensors/types/examples/SDS011;1760;52.480;13.422;2019-07-11T18:40:32;14.80;;;5.20;;
3491;http://www.opengis.net/def/sensors/types/examples/SDS011;1760;52.480;13.422;2019-07-11T18:43:01;8.00;;;3.83;;
3491;http://www.opengis.net/def/sensors/types/examples/SDS011;1760;52.480;13.422;2019-07-11T18:45:30;18.53;;;6.30;;
3491;http://www.opengis.net/def/sensors/types/examples/SDS011;1760;52.480;13.422;2019-07-11T18:47:59;6.23;;;3.80;;
3491;http://www.opengis.net/def/sensors/types/examples/SDS011;1760;52.480;13.422;2019-07-11T18:50:28;8.27;;;3.07;;
3491;http://www.opengis.net/def/sensors/types/examples/SDS011;1760;52.480;13.422;2019-07-11T18:53:00;4.60;;;3.50;;
3491;http://www.opengis.net/def/sensors/types/examples/SDS011;1760;52.480;13.422;2019-07-11T18:55:29;6.60;;;4.10;;
3491;http://www.opengis.net/def/sensors/types/examples/SDS011;1760;52.480;13.422;2019-07-11T18:57:58;8.20;;;5.03;;
3491;http://www.opengis.net/def/sensors/types/examples/SDS011;1760;52.480;13.422;2019-07-11T19:00:26;7.23;;;5.57;;
3491;http://www.opengis.net/def/sensors/types/examples/SDS011;1760;52.480;13.422;2019-07-11T19:02:55;9.20;;;4.20;;
3491;http://www.opengis.net/def/sensors/types/examples/SDS011;1760;52.480;13.422;2019-07-11T19:05:24;7.70;;;4.40;;
3491;http://www.opengis.net/def/sensors/types/examples/SDS011;1760;52.480;13.422;2019-07-11T19:07:53;11.03;;;4.77;;
3491;http://www.opengis.net/def/sensors/types/examples/SDS011;1760;52.480;13.422;2019-07-11T19:10:22;5.10;;;4.10;;
3491;http://www.opengis.net/def/sensors/types/examples/SDS011;1760;52.480;13.422;2019-07-11T19:12:51;5.63;;;4.43;;
3491;http://www.opengis.net/def/sensors/types/examples/SDS011;1760;52.480;13.422;2019-07-11T19:15:20;4.43;;;3.87;;
3491;http://www.opengis.net/def/sensors/types/examples/SDS011;1760;52.480;13.422;2019-07-11T19:17:51;7.87;;;4.53;;
3491;http://www.opengis.net/def/sensors/types/examples/SDS011;1760;52.480;13.422;2019-07-11T19:20:19;6.63;;;4.90;;
3491;http://www.opengis.net/def/sensors/types/examples/SDS011;1760;52.480;13.422;2019-07-11T19:22:48;11.27;;;5.50;;
3491;http://www.opengis.net/def/sensors/types/examples/SDS011;1760;52.480;13.422;2019-07-11T19:27:58;6.77;;;4.33;;
3491;http://www.opengis.net/def/sensors/types/examples/SDS011;1760;52.480;13.422;2019-07-11T19:30:26;6.17;;;3.87;;
3491;http://www.opengis.net/def/sensors/types/examples/SDS011;1760;52.480;13.422;2019-07-11T19:32:54;4.60;;;2.67;;
3491;http://www.opengis.net/def/sensors/types/examples/SDS011;1760;52.480;13.422;2019-07-11T19:35:23;5.93;;;3.73;;
3491;http://www.opengis.net/def/sensors/types/examples/SDS011;1760;52.480;13.422;2019-07-11T19:37:51;8.40;;;3.50;;
3491;http://www.opengis.net/def/sensors/types/examples/SDS011;1760;52.480;13.422;2019-07-11T19:40:21;4.37;;;3.20;;
3491;http://www.opengis.net/def/sensors/types/examples/SDS011;1760;52.480;13.422;2019-07-11T19:42:49;5.17;;;2.90;;
3491;http://www.opengis.net/def/sensors/types/examples/SDS011;1760;52.480;13.422;2019-07-11T19:47:50;4.73;;;3.20;;
3491;http://www.opengis.net/def/sensors/types/examples/SDS011;1760;52.480;13.422;2019-07-11T19:50:18;5.43;;;3.90;;
3491;http://www.opengis.net/def/sensors/types/examples/SDS011;1760;52.480;13.422;2019-07-11T19:52:47;5.97;;;3.63;;
3491;http://www.opengis.net/def/sensors/types/examples/SDS011;1760;52.480;13.422;2019-07-11T19:55:15;5.50;;;3.40;;
3491;http://www.opengis.net/def/sensors/types/examples/SDS011;1760;52.480;13.422;2019-07-11T19:57:44;9.23;;;5.30;;
3491;http://www.opengis.net/def/sensors/types/examples/SDS011;1760;52.480;13.422;2019-07-11T20:00:12;7.37;;;4.70;;
3491;http://www.opengis.net/def/sensors/types/examples/SDS011;1760;52.480;13.422;2019-07-11T20:02:40;6.30;;;3.93;;
3491;http://www.opengis.net/def/sensors/types/examples/SDS011;1760;52.480;13.422;2019-07-11T20:05:08;8.50;;;4.53;;
3491;http://www.opengis.net/def/sensors/types/examples/SDS011;1760;52.480;13.422;2019-07-11T20:07:36;7.53;;;3.60;;
3491;http://www.opengis.net/def/sensors/types/examples/SDS011;1760;52.480;13.422;2019-07-11T20:10:05;4.60;;;4.07;;
3491;http://www.opengis.net/def/sensors/types/examples/SDS011;1760;52.480;13.422;2019-07-11T20:12:36;5.80;;;3.97;;
3491;http://www.opengis.net/def/sensors/types/examples/SDS011;1760;52.480;13.422;2019-07-11T20:15:04;4.37;;;3.97;;
3491;http://www.opengis.net/def/sensors/types/examples/SDS011;1760;52.480;13.422;2019-07-11T20:17:34;10.60;;;4.17;;
3491;http://www.opengis.net/def/sensors/types/examples/SDS011;1760;52.480;13.422;2019-07-11T20:20:02;5.57;;;3.70;;
3491;http://www.opengis.net/def/sensors/types/examples/SDS011;1760;52.480;13.422;2019-07-11T20:22:30;6.43;;;4.23;;
3491;http://www.opengis.net/def/sensors/types/examples/SDS011;1760;52.480;13.422;2019-07-11T20:24:58;4.63;;;3.83;;
3491;http://www.opengis.net/def/sensors/types/examples/SDS011;1760;52.480;13.422;2019-07-11T20:27:27;5.90;;;4.70;;
3491;http://www.opengis.net/def/sensors/types/examples/SDS011;1760;52.480;13.422;2019-07-11T20:29:55;8.70;;;6.77;;
3491;http://www.opengis.net/def/sensors/types/examples/SDS011;1760;52.480;13.422;2019-07-11T20:32:24;5.33;;;3.87;;
3491;http://www.opengis.net/def/sensors/types/examples/SDS011;1760;52.480;13.422;2019-07-11T20:34:52;5.60;;;4.50;;
3491;http://www.opengis.net/def/sensors/types/examples/SDS011;1760;52.480;13.422;2019-07-11T20:37:25;5.30;;;4.50;;
3491;http://www.opengis.net/def/sensors/types/examples/SDS011;1760;52.480;13.422;2019-07-11T20:42:43;6.60;;;3.87;;
3491;http://www.opengis.net/def/sensors/types/examples/SDS011;1760;52.480;13.422;2019-07-11T20:45:16;7.73;;;3.80;;
3491;http://www.opengis.net/def/sensors/types/examples/SDS011;1760;52.480;13.422;2019-07-11T20:47:55;11.97;;;4.53;;
3491;http://www.opengis.net/def/sensors/types/examples/SDS011;1760;52.480;13.422;2019-07-11T20:50:23;6.07;;;4.13;;
3491;http://www.opengis.net/def/sensors/types/examples/SDS011;1760;52.480;13.422;2019-07-11T20:52:51;7.13;;;4.10;;
3491;http://www.opengis.net/def/sensors/types/examples/SDS011;1760;52.480;13.422;2019-07-11T20:57:51;5.60;;;4.80;;
3491;http://www.opengis.net/def/sensors/types/examples/SDS011;1760;52.480;13.422;2019-07-11T21:00:19;7.90;;;5.57;;
3491;http://www.opengis.net/def/sensors/types/examples/SDS011;1760;52.480;13.422;2019-07-11T21:02:47;4.97;;;4.33;;
3491;http://www.opengis.net/def/sensors/types/examples/SDS011;1760;52.480;13.422;2019-07-11T21:05:15;7.40;;;4.37;;
3491;http://www.opengis.net/def/sensors/types/examples/SDS011;1760;52.480;13.422;2019-07-11T21:07:44;3.90;;;3.57;;
3491;http://www.opengis.net/def/sensors/types/examples/SDS011;1760;52.480;13.422;2019-07-11T21:10:12;17.83;;;5.03;;
3491;http://www.opengis.net/def/sensors/types/examples/SDS011;1760;52.480;13.422;2019-07-11T21:12:41;6.53;;;5.33;;
3491;http://www.opengis.net/def/sensors/types/examples/SDS011;1760;52.480;13.422;2019-07-11T21:15:09;8.13;;;5.13;;
3491;http://www.opengis.net/def/sensors/types/examples/SDS011;1760;52.480;13.422;2019-07-11T21:17:38;7.77;;;4.50;;
3491;http://www.opengis.net/def/sensors/types/examples/SDS011;1760;52.480;13.422;2019-07-11T21:20:06;5.63;;;4.10;;
3491;http://www.opengis.net/def/sensors/types/examples/SDS011;1760;52.480;13.422;2019-07-11T21:22:35;4.90;;;4.37;;
3491;http://www.opengis.net/def/sensors/types/examples/SDS011;1760;52.480;13.422;2019-07-11T21:25:03;6.10;;;5.10;;
3491;http://www.opengis.net/def/sensors/types/examples/SDS011;1760;52.480;13.422;2019-07-11T21:27:32;8.30;;;5.33;;
3491;http://www.opengis.net/def/sensors/types/examples/SDS011;1760;52.480;13.422;2019-07-11T21:30:00;5.43;;;4.43;;
3491;http://www.opengis.net/def/sensors/types/examples/SDS011;1760;52.480;13.422;2019-07-11T21:32:28;8.20;;;5.60;;
3491;http://www.opengis.net/def/sensors/types/examples/SDS011;1760;52.480;13.422;2019-07-11T21:34:57;7.07;;;4.37;;
3491;http://www.opengis.net/def/sensors/types/examples/SDS011;1760;52.480;13.422;2019-07-11T21:37:25;7.87;;;5.23;;
3491;http://www.opengis.net/def/sensors/types/examples/SDS011;1760;52.480;13.422;2019-07-11T21:39:54;8.97;;;5.20;;
3491;http://www.opengis.net/def/sensors/types/examples/SDS011;1760;52.480;13.422;2019-07-11T21:42:22;7.60;;;5.00;;
3491;http://www.opengis.net/def/sensors/types/examples/SDS011;1760;52.480;13.422;2019-07-11T21:44:50;10.60;;;6.20;;
3491;http://www.opengis.net/def/sensors/types/examples/SDS011;1760;52.480;13.422;2019-07-11T21:47:18;7.33;;;5.60;;
3491;http://www.opengis.net/def/sensors/types/examples/SDS011;1760;52.480;13.422;2019-07-11T21:49:46;8.37;;;6.33;;
3491;http://www.opengis.net/def/sensors/types/examples/SDS011;1760;52.480;13.422;2019-07-11T21:52:15;6.93;;;6.23;;
3491;http://www.opengis.net/def/sensors/types/examples/SDS011;1760;52.480;13.422;2019-07-11T21:54:43;10.27;;;6.00;;
3491;http://www.opengis.net/def/sensors/types/examples/SDS011;1760;52.480;13.422;2019-07-11T21:57:11;7.60;;;6.03;;
3491;http://www.opengis.net/def/sensors/types/examples/SDS011;1760;52.480;13.422;2019-07-11T21:59:40;7.33;;;5.90;;
3491;http://www.opengis.net/def/sensors/types/examples/SDS011;1760;52.480;13.422;2019-07-11T22:02:08;9.77;;;6.50;;
3491;http://www.opengis.net/def/sensors/types/examples/SDS011;1760;52.480;13.422;2019-07-11T22:04:36;7.37;;;6.60;;
3491;http://www.opengis.net/def/sensors/types/examples/SDS011;1760;52.480;13.422;2019-07-11T22:07:04;5.83;;;5.23;;
3491;http://www.opengis.net/def/sensors/types/examples/SDS011;1760;52.480;13.422;2019-07-11T22:09:32;7.70;;;5.90;;
3491;http://www.opengis.net/def/sensors/types/examples/SDS011;1760;52.480;13.422;2019-07-11T22:12:01;7.07;;;5.77;;
3491;http://www.opengis.net/def/sensors/types/examples/SDS011;1760;52.480;13.422;2019-07-11T22:14:29;8.37;;;6.40;;
3491;http://www.opengis.net/def/sensors/types/examples/SDS011;1760;52.480;13.422;2019-07-11T22:16:57;7.33;;;6.00;;
3491;http://www.opengis.net/def/sensors/types/examples/SDS011;1760;52.480;13.422;2019-07-11T22:19:25;6.33;;;5.47;;
3491;http://www.opengis.net/def/sensors/types/examples/SDS011;1760;52.480;13.422;2019-07-11T22:21:53;8.23;;;5.10;;
3491;http://www.opengis.net/def/sensors/types/examples/SDS011;1760;52.480;13.422;2019-07-11T22:24:21;10.73;;;6.53;;
3491;http://www.opengis.net/def/sensors/types/examples/SDS011;1760;52.480;13.422;2019-07-11T22:26:50;6.50;;;5.60;;
3491;http://www.opengis.net/def/sensors/types/examples/SDS011;1760;52.480;13.422;2019-07-11T22:29:18;9.03;;;7.17;;
3491;http://www.opengis.net/def/sensors/types/examples/SDS011;1760;52.480;13.422;2019-07-11T22:31:47;12.50;;;6.87;;
3491;http://www.opengis.net/def/sensors/types/examples/SDS011;1760;52.480;13.422;2019-07-11T22:34:15;7.17;;;4.87;;
3491;http://www.opengis.net/def/sensors/types/examples/SDS011;1760;52.480;13.422;2019-07-11T22:36:43;5.60;;;4.90;;
3491;http://www.opengis.net/def/sensors/types/examples/SDS011;1760;52.480;13.422;2019-07-11T22:39:11;9.23;;;5.90;;
3491;http://www.opengis.net/def/sensors/types/examples/SDS011;1760;52.480;13.422;2019-07-11T22:41:40;7.00;;;6.07;;
3491;http://www.opengis.net/def/sensors/types/examples/SDS011;1760;52.480;13.422;2019-07-11T22:44:08;9.40;;;5.50;;
3491;http://www.opengis.net/def/sensors/types/examples/SDS011;1760;52.480;13.422;2019-07-11T22:46:36;7.40;;;6.00;;
3491;http://www.opengis.net/def/sensors/types/examples/SDS011;1760;52.480;13.422;2019-07-11T22:49:05;7.33;;;4.93;;
3491;http://www.opengis.net/def/sensors/types/examples/SDS011;1760;52.480;13.422;2019-07-11T22:51:33;5.90;;;5.07;;
3491;http://www.opengis.net/def/sensors/types/examples/SDS011;1760;52.480;13.422;2019-07-11T22:54:01;7.07;;;5.50;;
3491;http://www.opengis.net/def/sensors/types/examples/SDS011;1760;52.480;13.422;2019-07-11T22:56:29;10.27;;;5.50;;
3491;http://www.opengis.net/def/sensors/types/examples/SDS011;1760;52.480;13.422;2019-07-11T22:58:57;11.00;;;6.23;;
3491;http://www.opengis.net/def/sensors/types/examples/SDS011;1760;52.480;13.422;2019-07-11T23:01:25;7.47;;;5.40;;
3491;http://www.opengis.net/def/sensors/types/examples/SDS011;1760;52.480;13.422;2019-07-11T23:03:54;6.40;;;5.70;;
3491;http://www.opengis.net/def/sensors/types/examples/SDS011;1760;52.480;13.422;2019-07-11T23:06:22;8.83;;;6.00;;
3491;http://www.opengis.net/def/sensors/types/examples/SDS011;1760;52.480;13.422;2019-07-11T23:08:50;8.97;;;5.50;;
3491;http://www.opengis.net/def/sensors/types/examples/SDS011;1760;52.480;13.422;2019-07-11T23:11:18;6.13;;;5.53;;
3491;http://www.opengis.net/def/sensors/types/examples/SDS011;1760;52.480;13.422;2019-07-11T23:13:46;6.90;;;6.23;;
3491;http://www.opengis.net/def/sensors/types/examples/SDS011;1760;52.480;13.422;2019-07-11T23:16:15;7.40;;;6.00;;
3491;http://www.opengis.net/def/sensors/types/examples/SDS011;1760;52.480;13.422;2019-07-11T23:18:43;8.17;;;5.53;;
3491;http://www.opengis.net/def/sensors/types/examples/SDS011;1760;52.480;13.422;2019-07-11T23:21:11;9.47;;;6.20;;
3491;http://www.opengis.net/def/sensors/types/examples/SDS011;1760;52.480;13.422;2019-07-11T23:23:40;8.23;;;5.83;;
3491;http://www.opengis.net/def/sensors/types/examples/SDS011;1760;52.480;13.422;2019-07-11T23:26:08;7.33;;;5.40;;
3491;http://www.opengis.net/def/sensors/types/examples/SDS011;1760;52.480;13.422;2019-07-11T23:28:36;8.27;;;5.90;;
3491;http://www.opengis.net/def/sensors/types/examples/SDS011;1760;52.480;13.422;2019-07-11T23:31:24;7.70;;;5.50;;
3491;http://www.opengis.net/def/sensors/types/examples/SDS011;1760;52.480;13.422;2019-07-11T23:33:54;9.27;;;6.30;;
3491;http://www.opengis.net/def/sensors/types/examples/SDS011;1760;52.480;13.422;2019-07-11T23:36:22;10.80;;;6.47;;
3491;http://www.opengis.net/def/sensors/types/examples/SDS011;1760;52.480;13.422;2019-07-11T23:38:50;8.53;;;5.87;;
3491;http://www.opengis.net/def/sensors/types/examples/SDS011;1760;52.480;13.422;2019-07-11T23:41:18;6.67;;;5.97;;
3491;http://www.opengis.net/def/sensors/types/examples/SDS011;1760;52.480;13.422;2019-07-11T23:43:47;8.53;;;5.20;;
3491;http://www.opengis.net/def/sensors/types/examples/SDS011;1760;52.480;13.422;2019-07-11T23:46:15;5.93;;;4.83;;
3491;http://www.opengis.net/def/sensors/types/examples/SDS011;1760;52.480;13.422;2019-07-11T23:48:44;9.00;;;6.77;;
3491;http://www.opengis.net/def/sensors/types/examples/SDS011;1760;52.480;13.422;2019-07-11T23:51:12;7.80;;;6.20;;
3491;http://www.opengis.net/def/sensors/types/examples/SDS011;1760;52.480;13.422;2019-07-11T23:53:41;7.57;;;5.57;;
3491;http://www.opengis.net/def/sensors/types/examples/SDS011;1760;52.480;13.422;2019-07-11T23:56:09;7.83;;;5.50;;
3491;http://www.opengis.net/def/sensors/types/examples/SDS011;1760;52.480;13.422;2019-07-11T23:58:38;6.07;;;5.47;;
